{
  "original_response": {
    "data": {
      "payment_amount_base": {
        "isAutoVerified": false,
        "rectangles": [
          {
            "x0": 967.8436767281601,
            "y0": 1114.09644376403,
            "x1": 1054.8966727456236,
            "y1": 1137.0917535608407
          }
        ],
        "isClientVerified": false,
        "id": 36751076,
        "rectangle": {
          "x0": 967.8436767281601,
          "y0": 1114.09644376403,
          "x1": 1054.8966727456236,
          "y1": 1137.0917535608407
        },
        "page_index": 0,
        "raw": "$4000.00",
        "confidence": 0.843,
        "is_verified": false,
        "classification": "paymentAmountBase",
        "parsed": "4000.00"
      },
      "payment_amount_tax": {
        "isAutoVerified": false,
        "rectangles": [
          {
            "x0": 980.9500999221009,
            "y0": 1159.8880331687392,
            "x1": 1057.949893715616,
            "y1": 1183.8902832011104
          }
        ],
        "isClientVerified": false,
        "id": 36751078,
        "rectangle": {
          "x0": 980.9500999221009,
          "y0": 1159.8880331687392,
          "x1": 1057.949893715616,
          "y1": 1183.8902832011104
        },
        "page_index": 0,
        "raw": "$520.00",
        "confidence": 0.843,
        "is_verified": false,
        "classification": "paymentAmountTax",
        "parsed": "520.00"
      },
      "payment_amount_total": {
        "isAutoVerified": false,
        "rectangles": [
          {
            "x0": 969.1098190702107,
            "y0": 1203.8902296409844,
            "x1": 1057.1095834056566,
            "y1": 1229.0938214887838
          }
        ],
        "isClientVerified": false,
        "id": 36751079,
        "rectangle": {
          "x0": 969.1098190702107,
          "y0": 1203.8902296409844,
          "x1": 1057.1095834056566,
          "y1": 1229.0938214887838
        },
        "page_index": 0,
        "raw": "$4520.00",
        "confidence": 0.843,
        "is_verified": false,
        "classification": "paymentAmountTotal",
        "parsed": "4520.00"
      },
      "payment_amount_due": {
        "isAutoVerified": false,
        "rectangles": [
          {
            "x0": 969.260248864156,
            "y0": 1294.0936474183745,
            "x1": 1056.2623301821304,
            "y1": 1317.8945529573111
          }
        ],
        "isClientVerified": false,
        "id": 36751077,
        "rectangle": {
          "x0": 969.260248864156,
          "y0": 1294.0936474183745,
          "x1": 1056.2623301821304,
          "y1": 1317.8945529573111
        },
        "page_index": 0,
        "raw": "$4520.00",
        "confidence": 0.843,
        "is_verified": false,
        "classification": "paymentAmountDue",
        "parsed": "4520.00"
      },
      "customer_number": {
        "isAutoVerified": false,
        "rectangles": [
          {
            "x0": 369.13963306503206,
            "y0": 357.3181121760208,
            "x1": 439.0908452096243,
            "y1": 379.3203675644045
          }
        ],
        "isClientVerified": false,
        "id": 36751051,
        "rectangle": {
          "x0": 369.13963306503206,
          "y0": 357.3181121760208,
          "x1": 439.0908452096243,
          "y1": 379.3203675644045
        },
        "page_index": 0,
        "raw": "000000",
        "confidence": 0.912,
        "is_verified": false,
        "classification": "customerNumber",
        "parsed": "000000"
      },
      "supplier_phone_number": {
        "isAutoVerified": false,
        "rectangles": [
          {
            "x0": 661.4862145339168,
            "y0": 74.80046316081587,
            "x1": 789.4395856586661,
            "y1": 97.5087991968694
          }
        ],
        "isClientVerified": false,
        "id": 36751053,
        "rectangle": {
          "x0": 661.4862145339168,
          "y0": 74.80046316081587,
          "x1": 789.4395856586661,
          "y1": 97.5087991968694
        },
        "page_index": 0,
        "raw": "647-444-1234",
        "confidence": 0.894,
        "is_verified": false,
        "classification": "supplierPhoneNumber",
        "parsed": "647-444-1234"
      },
      "supplier_email": {
        "isAutoVerified": false,
        "rectangles": [
          {
            "x0": 634.5719161074096,
            "y0": 108.518026956889,
            "x1": 784.5159710979315,
            "y1": 132.8651083630732
          }
        ],
        "isClientVerified": false,
        "id": 36751052,
        "rectangle": {
          "x0": 634.5719161074096,
          "y0": 108.518026956889,
          "x1": 784.5159710979315,
          "y1": 132.8651083630732
        },
        "page_index": 0,
        "raw": "your@email.com",
        "confidence": 0.791,
        "is_verified": false,
        "classification": "supplierEmail",
        "parsed": "your@email.com"
      },
      "supplier_website": {
        "isAutoVerified": false,
        "rectangles": [
          {
            "x0": 634.5973734571542,
            "y0": 143.520247531191,
            "x1": 783.5969744342159,
            "y1": 165.86501998886547
          }
        ],
        "isClientVerified": false,
        "id": 36751054,
        "rectangle": {
          "x0": 634.5973734571542,
          "y0": 143.520247531191,
          "x1": 783.5969744342159,
          "y1": 165.86501998886547
        },
        "page_index": 0,
        "raw": "yourwebsite.com",
        "confidence": 0.897,
        "is_verified": false,
        "classification": "supplierWebsite",
        "parsed": "yourwebsite.com"
      },
      "custom_fields": {}
    },
    "meta": {
      "review_url": "https://app.affinda.com/review/IKBSayaK?signature=eyJ1c2VyX2lkIjoyNDIzLCJ1c2VybmFtZSI6ImNvbnRhY3QifQ:1p18RV:jBfo-iBYYPgOIAS9-a0hZp-ygufWidEd8ZSeIt2mzT8:1p18RV:pKveSQxmHEQlbTUhaTbf7537ac13HTUW4jHqH3bCjew",
      "documentType": "invoice",
      "isVerified": false,
      "ocrConfidence": 0.9788217821782177,
      "identifier": "IKBSayaK",
      "file_name": "invoice.png",
      "ready": true,
      "ready_dt": "2022-12-02T15:59:12.315759Z",
      "failed": false,
      "language": "en",
      "pdf": "https://affinda-api.s3.amazonaws.com/media/documents/ocr_3907617_TwS5acf.pdf?AWSAccessKeyId=ASIAU2V7FN3B276TVP53&Signature=mM%2BCgXr4tAwcRTKLkMU4Bxk30x0%3D&x-amz-security-token=IQoJb3JpZ2luX2VjEI%2F%2F%2F%2F%2F%2F%2F%2F%2F%2F%2FwEaDmFwLXNvdXRoZWFzdC0yIkYwRAIgc5A3MTHCAIIszbzIO8Ilp4dO0qPtEByUCOouqz9KcD8CIEaKSU1Juh6Dw5zyNoobXUaVI2WpGTl7B1Sfp5ACWoTqKusDCKj%2F%2F%2F%2F%2F%2F%2F%2F%2F%2FwEQABoMMzMyMTg3MTM1NjgzIgxi1odEXRqNa3zWuIgqvwOSajb1znWbylbJbhMZP0sRccVK0A3yqYYKnPT%2FwVkiIcR2gEuYR0H5EkA%2FoLGlL%2F07sB3O6Vqc66kV9xqQGQ5XqI1Yglgofa6buPRYeyz7VVugrAU5dbZsqrAUVnbhp3xpoYkcdf1kiWf94qxI3Uqg0s%2FQ2HbMnPFIeCaZRCPWuK9WphCjn74uTz%2BjZSQyFJELrR1zlxDrkJwe0Lv8lmpH49855X4q3dKzc0jOJv4xAa%2FXhbMSG7XHTdYQ1RuFU46TCzyVwvsQ41mt8DOlJMymBmLqO%2Bch0ClrGRVRyEFU%2BLtw98p%2FfOdcCPBuJ9IXboq3NrSm9Mt0%2FuT3KY%2FJ4ANjlheGYFOvwUmlf4hWde3fI2kUDX%2FknJEh9gF68BaC5FIpjOyzk%2B0leFluN%2Bc2%2B%2BIlQkUpJSBTmiwBqFcFIJ7RscoU45Ev8K1a7%2B7yYhb1lKVUidFUlbTbESxl7zkATdr5uH6P8YDG4R69tV82LQmwkPBhyY90QnmsV%2FzREJ%2BK6BSy2PLffuA81beMVdgAi37yNGoF9YWBEvvhC1eNdZL0tVG3RVMBjyTNRTwxwxlCYV5N%2Ft15eSkYutwuUASuRwEw1a%2BonAY6pgHLAFqwrGWWc0LiINzi8ggDHvwrZ8%2BH%2Fe4QyktqI279M25E9nlkTC%2BkX2m4omWyRqVd88LvvG67A9%2BTxZh0AFAxeFX0E7tKqIFOv6cDNcOZAiuPIAH9CpGHmVZPtPhq39M8g9SljxQ5HnVapBgD8tvCsm9IhgSKCU3H%2Fnjjb099Ca42XR0AublJOVHHihr6DvW5T7nEIGrg6RzMpnxBWZ8t57Bx7IJN&Expires=1670000353",
      "child_documents": [],
      "pages": [
        {
          "id": 8658545,
          "page_index": 0,